{
  "project_info": {
    "project_number": "825862924307",
    "project_id": "project-a4926",
    "storage_bucket": "project-a4926.appspot.com"
  },
  "client": [
    {
      "client_info": {
        "mobilesdk_app_id": "1:825862924307:android:ade128ffcff87623cbf7e6",
        "android_client_info": {
          "package_name": "com.google.android.gms.location.project3_rraju"
        }
      },
      "oauth_client": [
        {
          "client_id": "825862924307-9ie6pu8tsd4e9up765a62fb4qt0vjjsl.apps.googleusercontent.com",
          "client_type": 3
        }
      ],
      "api_key": [
        {
          "current_key": "AIzaSyCGUDQXqYacqgF4SVhZbdB-PeLVPrynfgY"
        }
      ],
      "services": {
        "appinvite_service": {
          "other_platform_oauth_client": [
            {
              "client_id": "825862924307-9ie6pu8tsd4e9up765a62fb4qt0vjjsl.apps.googleusercontent.com",
              "client_type": 3
            }
          ]
        }
      }
    }
  ],
  "configuration_version": "1"
}